Author,CommitDate,CommitCount
Niko Köbler,2015-05,26
Gerd Aschemann,2015-05,25
Falk Sippach,2015-05,10
Niko Köbler,2015-05,5
Christofer Dutz,2015-05,1
Gerd Aschemann,2015-06,7
Niko Köbler,2015-06,1
Gerd Aschemann,2015-07,2
"Aschemann, Gerd",2015-07,1
Falk Sippach,2015-07,1
Gerd Aschemann,2015-08,12
Gerd Aschemann,2015-09,25
Falk Sippach,2015-09,22
Christofer Dutz,2015-09,4
Falk Sippach,2015-10,49
Gerd Aschemann,2015-10,5
Christofer Dutz,2015-10,2
Falk Sippach,2015-11,3
Alexander Schwartz,2015-11,1
Gerd Aschemann,2015-11,1
Gerd Aschemann,2015-12,8
Alexander Schwartz,2015-12,3
Falk Sippach,2015-12,1
Gerd Aschemann,2016-01,21
Alexander Schwartz,2016-01,15
Falk Sippach,2016-01,4
steffchep,2016-01,1
Alexander Schwartz,2016-02,12
Falk Sippach,2016-02,2
Christofer Dutz,2016-02,1
Gerd Aschemann,2016-03,27
Alexander Schwartz,2016-03,6
annam002,2016-03,3
Dirk Mahler,2016-03,2
Falk Sippach,2016-03,2
Niko Köbler,2016-03,1
Michal Harakal,2016-03,1
Christofer Dutz,2016-03,1
DukeCon Jenkins,2016-03,1
Stephanie Peters,2016-03,1
Gerd Aschemann,2016-05,24
Gerd Aschemann,2016-06,5
Alexander Schwartz,2016-07,3
Christofer Dutz,2016-08,19
Falk Sippach,2016-08,2
Gerd Aschemann,2016-08,2
Falk Sippach,2016-09,10
Christofer Dutz,2016-09,4
Christofer Dutz,2016-10,7
Falk Sippach,2016-10,6
Gerd Aschemann,2016-10,5
stephaniep,2016-10,1
Stephanie Peters,2016-10,1
Gerd Aschemann,2016-11,4
Falk Sippach,2016-11,2
Falk Sippach,2016-12,7
Gerd Aschemann,2016-12,5
steffchep,2016-12,1
Falk Sippach,2017-01,18
Gerd Aschemann,2017-01,6
Christofer Dutz,2017-01,3
Falk Sippach,2017-02,6
PitTorf,2017-02,2
Christofer Dutz,2017-02,2
Gerd Aschemann,2017-02,1
Falk Sippach,2017-03,16
Gerd Aschemann,2017-03,3
Dirk Mahler,2017-03,2
Dirk Mahler,2017-04,1